driver_id,total_fare,avg_distance
91,220.48000000000002,27.28
22,97.65,24.82
86,97.93,25.515
94,21.52,18.25
92,73.95,39.39
72,114.53,48.35
10,76.9,15.94
38,138.5,25.67
70,133.95,37.5
60,97.17,24.759999999999998
