driver_id,total_fare,avg_distance
53,136.97,18.7
22,273.70000000000005,15.666666666666666
13,188.57,15.765
54,89.47999999999999,26.22666666666667
92,148.76999999999998,43.665
87,26.92,28.9
79,221.34,42.150000000000006
